Product,RM/PM/Others,Prod Area,Vendor
AKARMANIS N7S8001,RM,Liquid,PT SCENTIUM FLAVORS
ALMOND M4B2140,RM,Liquid,PT MANE INDONESIA (VENDOR)
ALMOND M4B2155,RM,Liquid,PT MANE INDONESIA (VENDOR)
ALPUKAT A6H1033,RM,Liquid,PT SOLUNOVA ALAMI INDONESIA
ALPUKAT A6H1035,RM,Liquid,PT SOLUNOVA ALAMI INDONESIA
ANGGUR B7P2007,RM,Liquid,PT QUINTESCENTS FLAVOUR AND FRAGRANCESS
ANGGUR B7P2026,RM,Liquid,PT QUINTESCENTS FLAVOUR AND FRAGRANCESS
ANGGUR D9C4125,RM,Liquid,PT DBFF BOTON INDONESIA
ANGGUR D9C4126,RM,Liquid,PT DBFF BOTON INDONESIA
ANGGUR E1S6025,RM,Liquid,PT AROMAS CITRA JAYA
ANGGUR E1S6191,RM,Liquid,PT AROMAS CITRA JAYA
ANGGUR E1S6193,RM,Liquid,PT AROMAS CITRA JAYA
ANGGUR J7W2009,RM,Liquid,THINK FLAVOUR
ANGGUR M4B2067,RM,Liquid,PT MANE INDONESIA (VENDOR)
ANGGUR N7S8086,RM,Liquid,PT SCENTIUM FLAVORS
ANISEED C8J3002,RM,Liquid,PT KARYA AROMA SEJAHTERA (GIVAUDAN)
APEL A6H1017,RM,Liquid,PT SOLUNOVA ALAMI INDONESIA
APEL B7P2008,RM,Liquid,PT QUINTESCENTS FLAVOUR AND FRAGRANCESS
APEL D9C4008,RM,Liquid,PT DBFF BOTON INDONESIA
APEL E1S6011,RM,Liquid,PT AROMAS CITRA JAYA
APEL H4F9001,RM,Liquid,PT GERBONG SELEBRASI RAKYAT (GRAINE)
APEL H4F9003,RM,Liquid,PT GERBONG SELEBRASI RAKYAT (GRAINE)
APEL J7W2025,RM,Liquid,THINK FLAVOUR
APEL M4B2328,RM,Liquid,PT MANE INDONESIA (VENDOR)
APRIKOT A6H1001,RM,Liquid,PT SOLUNOVA ALAMI INDONESIA
BAILEYS D9C4022,RM,Liquid,PT DBFF BOTON INDONESIA
BAILEYS N7S8048,RM,Liquid,PT SCENTIUM FLAVORS
BELIMBING M4B2008,RM,Liquid,PT MANE INDONESIA (VENDOR)
BELIMBING M4B2066,RM,Liquid,PT MANE INDONESIA (VENDOR)
BERI B7P2028,RM,Liquid,PT QUINTESCENTS FLAVOUR AND FRAGRANCESS
BERI B7P2112,RM,Liquid,PT QUINTESCENTS FLAVOUR AND FRAGRANCESS
BERI E1S6028,RM,Liquid,PT AROMAS CITRA JAYA
BERI E1S6029,RM,Liquid,PT AROMAS CITRA JAYA
BERI J7W2012,RM,Liquid,THINK FLAVOUR
BERI M4B2068,RM,Liquid,PT MANE INDONESIA (VENDOR)
BISKUIT G3I8001,RM,Liquid,PT JERINDO SARI UTAMA
BLACKCURRANT B7P2031,RM,Liquid,PT QUINTESCENTS FLAVOUR AND FRAGRANCESS
BLACKCURRANT E1S6036,RM,Liquid,PT AROMAS CITRA JAYA
BLACKCURANT M4B2375,RM,Liquid,PT MANE INDONESIA (VENDOR)
BLACKCURRANT Q9S2007,RM,Liquid,PT WWRC INDONESIA
BLEWAH B7P2003,RM,Liquid,PT QUINTESCENTS FLAVOUR AND FRAGRANCESS
BLUBERI A6H1014,RM,Liquid,PT SOLUNOVA ALAMI INDONESIA
BLUBERI D9C4031,RM,Liquid,PT DBFF BOTON INDONESIA
BLUBERI D9C4044,RM,Liquid,PT DBFF BOTON INDONESIA
BLUBERI D9C4158,RM,Liquid,PT DBFF BOTON INDONESIA
BLUBERI J7W2011,RM,Liquid,THINK FLAVOUR
BLUEBERRY B7P2002,RM,Liquid,PT QUINTESCENTS FLAVOUR AND FRAGRANCESS
BLUEBERRY B7P2135,RM,Liquid,PT QUINTESCENTS FLAVOUR AND FRAGRANCESS
BUTTER D9C4002,RM,Liquid,PT DBFF BOTON INDONESIA
BUTTER D9C4003,RM,Liquid,PT DBFF BOTON INDONESIA
BUTTER E1S6001,RM,Liquid,PT AROMAS CITRA JAYA
BUTTER H4F9002,RM,Liquid,PT GERBONG SELEBRASI RAKYAT (GRAINE)
CARAMEL A6H1008,RM,Liquid,PT SOLUNOVA ALAMI INDONESIA
CENGKEH A6H1117,RM,Liquid,PT SOLUNOVA ALAMI INDONESIA
CENGKEH C8J3003,RM,Liquid,PT KARYA AROMA SEJAHTERA (GIVAUDAN)
CENGKEH C8J3004,RM,Liquid,PT KARYA AROMA SEJAHTERA (GIVAUDAN)
CERI B7P2004,RM,Liquid,PT QUINTESCENTS FLAVOUR AND FRAGRANCESS
CERI K8Q3001,RM,Liquid,REKA
CERI M4B2033,RM,Liquid,PT MANE INDONESIA (VENDOR)
CERI M4B2036,RM,Liquid,PT MANE INDONESIA (VENDOR)
CERI JEPANG M4B2388,RM,Liquid,PT MANE INDONESIA (VENDOR)
CHILLER A6H1004,RM,Liquid,PT SOLUNOVA ALAMI INDONESIA
CINCAU E1S6092,RM,Liquid,PT AROMAS CITRA JAYA
CINCAU E1S6198,RM,Liquid,PT AROMAS CITRA JAYA
COKLAT B7P2005,RM,Liquid,PT QUINTESCENTS FLAVOUR AND FRAGRANCESS
COLA A6H1018,RM,Liquid,PT SOLUNOVA ALAMI INDONESIA
COLA E1S6134,RM,Liquid,PT AROMAS CITRA JAYA
COLA M4B2005,RM,Liquid,PT MANE INDONESIA (VENDOR)
COLA M4B2006,RM,Liquid,PT MANE INDONESIA (VENDOR)
COLA M4B2007,RM,Liquid,PT MANE INDONESIA (VENDOR)
COLA M4B2052,RM,Liquid,PT MANE INDONESIA (VENDOR)
COOLING N7S8024,RM,Liquid,PT SCENTIUM FLAVORS (COMMON)
CRANBERI B7P2006,RM,Liquid,PT QUINTESCENTS FLAVOUR AND FRAGRANCESS
CREAMER A6H1179,RM,Liquid,PT SOLUNOVA ALAMI INDONESIA
DELIMA B7P2034,RM,Liquid,PT QUINTESCENTS FLAVOUR AND FRAGRANCESS
ETHYL BUTYRATE W5K2004,RM,Liquid,PT VISTA CHEM INDONESIA
ETHYL MALTOL,RM,Liquid,PT SUMBER INOVASI LESTARINDO
FANTA M4B2136,RM,Liquid,PT MANE INDONESIA (VENDOR)
FBNIC A6H1005,RM,Liquid,PT SOLUNOVA ALAMI INDONESIA
FBNIC A6H1006,RM,Liquid,PT SOLUNOVA ALAMI INDONESIA
FBNIC A6H1158,RM,Liquid,PT SOLUNOVA ALAMI INDONESIA
FBNIC J7W2002,RM,Liquid,THINK FLAVOUR
GANDUM N7S8068,RM,Liquid,PT SCENTIUM FLAVORS
GIN M4B2173,RM,Liquid,PT MANE INDONESIA (VENDOR)
GIN M4B2176,RM,Liquid,PT MANE INDONESIA (VENDOR)
GULAMERAH E1S6111,RM,Liquid,PT AROMAS CITRA JAYA
JAGUNG E1S6031,RM,Liquid,PT AROMAS CITRA JAYA
JAGUNG J7W2016,RM,Liquid,THINK FLAVOUR
JAGUNG O9S7001,RM,Liquid,PT INTAN CHEMICAL (BERNBERG AROMA)
JAMBU E1S6007,RM,Liquid,PT AROMAS CITRA JAYA
JAMBU E1S6082,RM,Liquid,PT AROMAS CITRA JAYA
JAMBU J7W2014,RM,Liquid,THINK FLAVOUR
JAMBU M4B2095,RM,Liquid,PT MANE INDONESIA (VENDOR)
JERUK E1S6040,RM,Liquid,PT AROMAS CITRA JAYA
JERUK F2A7004,RM,Liquid,PT BINTANG KREASI AROMA
JERUK M4B2009,RM,Liquid,PT MANE INDONESIA (VENDOR)
JERUK M4B2098,RM,Liquid,PT MANE INDONESIA (VENDOR)
JERUK M4B2124,RM,Liquid,PT MANE INDONESIA (VENDOR)
JERUK M4B2239,RM,Liquid,PT MANE INDONESIA (VENDOR)
JERUKNIPIS M4B2010,RM,Liquid,PT MANE INDONESIA (VENDOR)
JERUKNIPIS M4B2011,RM,Liquid,PT MANE INDONESIA (VENDOR)
JERUKNIPIS N7S8088,RM,Liquid,PT SCENTIUM FLAVORS
KACANG E1S6098,RM,Liquid,PT AROMAS CITRA JAYA
KACANG HIJAU M4B2127,RM,Liquid,PT MANE INDONESIA (VENDOR)
KACANG HIJAU M4B2161,RM,Liquid,PT MANE INDONESIA (VENDOR)
KACANGHIJAU M4B2090,RM,Liquid,PT MANE INDONESIA (VENDOR)
KACANG M4B2154,RM,Liquid,PT MANE INDONESIA (VENDOR)
KACANG O9S7070,RM,Liquid,PT INTAN CHEMICAL (BERNBERG AROMA)
KACANGHIJAU M4B2090,RM,Liquid,PT MANE INDONESIA (VENDOR)
KACANGIJO M4B2089,RM,Liquid,PT MANE INDONESIA (VENDOR)
KAWIS C8J3009,RM,Liquid,PT KARYA AROMA SEJAHTERA (GIVAUDAN)
KEJU M4B2143,RM,Liquid,PT MANE INDONESIA (VENDOR)
KEJU M4B2147,RM,Liquid,PT MANE INDONESIA (VENDOR)
KELAPA A6H1105,RM,Liquid,PT SOLUNOVA ALAMI INDONESIA
KELAPA D9C4016,RM,Liquid,PT DBFF BOTON INDONESIA
KELAPA D9C4056,RM,Liquid,PT DBFF BOTON INDONESIA
KELAPA E1S6137,RM,Liquid,PT AROMAS CITRA JAYA
KIWI B7P2009,RM,Liquid,PT QUINTESCENTS FLAVOUR AND FRAGRANCESS
KIWI E1S6068,RM,Liquid,PT AROMAS CITRA JAYA
KIWI M4B2029,RM,Liquid,PT MANE INDONESIA (VENDOR)
KOPI A6H1020,RM,Liquid,PT SOLUNOVA ALAMI INDONESIA
KOPI A6H1020 (B),RM,Liquid,PT SOLUNOVA ALAMI INDONESIA
KOPI A6H1020 (K),RM,Liquid,PT SOLUNOVA ALAMI INDONESIA
KOPI H4F9007,RM,Liquid,PT GERBONG SELEBRASI RAKYAT (GRAINE)
KRIM A6H1019,RM,Liquid,PT SOLUNOVA ALAMI INDONESIA
KRIM A6H1201,RM,Liquid,PT SOLUNOVA ALAMI INDONESIA
KRIM A6H1202,RM,Liquid,PT SOLUNOVA ALAMI INDONESIA
KRIM B7P2127,RM,Liquid,PT QUINTESCENTS FLAVOUR AND FRAGRANCESS
KUE A6H1003,RM,Liquid,PT SOLUNOVA ALAMI INDONESIA
KUE M4B2285,RM,Liquid,PT MANE INDONESIA (VENDOR)
KUE N7S8066,RM,Liquid,PT SCENTIUM FLAVORS
KURMA C8J3006,RM,Liquid,PT KARYA AROMA SEJAHTERA (GIVAUDAN)
LECI D9C4159,RM,Liquid,PT DBFF BOTON INDONESIA
LECI E1S6009,RM,Liquid,PT AROMAS CITRA JAYA
LECI E1S6019,RM,Liquid,PT AROMAS CITRA JAYA
LECI E1S6258,RM,Liquid,PT AROMAS CITRA JAYA
LECI N7S8010,RM,Liquid,PT SCENTIUM FLAVORS
LEMON B7P2022,RM,Liquid,PT QUINTESCENTS FLAVOUR AND FRAGRANCESS
LEMON D9C4164,RM,Liquid,PT DBFF BOTON INDONESIA
LEMON M4B2032,RM,Liquid,PT MANE INDONESIA (VENDOR)
LEMON M4B2132,RM,Liquid,PT MANE INDONESIA (VENDOR)
LIMAU M4B2012,RM,Liquid,PT MANE INDONESIA (VENDOR)
LIME B7P2021,RM,Liquid,PT QUINTESCENTS FLAVOUR AND FRAGRANCESS
MACHIATO B7P2025,RM,Liquid,PT QUINTESCENTS FLAVOUR AND FRAGRANCESS
MANGGA A6H1011,RM,Liquid,PT SOLUNOVA ALAMI INDONESIA
MANGGA A6H1031,RM,Liquid,PT SOLUNOVA ALAMI INDONESIA
MANGGA A6H1097,RM,Liquid,PT SOLUNOVA ALAMI INDONESIA
MANGGA B7P2010,RM,Liquid,PT QUINTESCENTS FLAVOUR AND FRAGRANCESS
MANGGA D9C4011,RM,Liquid,PT DBFF BOTON INDONESIA
MANGGA E1S6002,RM,Liquid,PT AROMAS CITRA JAYA
MANGGA E1S6003,RM,Liquid,PT AROMAS CITRA JAYA
MANGGA E1S6005,RM,Liquid,PT AROMAS CITRA JAYA
MANGGA E1S6021,RM,Liquid,PT AROMAS CITRA JAYA
MANGGA F2A7002,RM,Liquid,PT BINTANG KREASI AROMA
MANGGA J7W2005,RM,Liquid,THINK FLAVOUR
MANGGA K8Q3003,RM,Liquid,REKA
MANGGA M4B2101,RM,Liquid,PT MANE INDONESIA (VENDOR)
MANGGA M4B2162,RM,Liquid,PT MANE INDONESIA (VENDOR)
MANGGA M4B2170,RM,Liquid,PT MANE INDONESIA (VENDOR)
MANGGA M4B2182,RM,Liquid,PT MANE INDONESIA (VENDOR)
MANGGA N7S8025,RM,Liquid,PT SCENTIUM FLAVORS
MANGGA N7S8074,RM,Liquid,PT SCENTIUM FLAVORS
MANGGA N7S8075,RM,Liquid,PT SCENTIUM FLAVORS
MANGGA N7S8078,RM,Liquid,PT SCENTIUM FLAVORS
MANGGA N7S8087,RM,Liquid,PT SCENTIUM FLAVORS
MAPLE D9C4004,RM,Liquid,PT DBFF BOTON INDONESIA
MARKISA E1S6004,RM,Liquid,PT AROMAS CITRA JAYA
MATCHA E1S6165,RM,Liquid,PT AROMAS CITRA JAYA
MATCHA M4B2214,RM,Liquid,PT MANE INDONESIA (VENDOR)
MELON B7P2011,RM,Liquid,PT QUINTESCENTS FLAVOUR AND FRAGRANCESS
MELON B7P2012,RM,Liquid,PT QUINTESCENTS FLAVOUR AND FRAGRANCESS
MELON D9C4012,RM,Liquid,PT DBFF BOTON INDONESIA
MELON E1S6012,RM,Liquid,PT AROMAS CITRA JAYA
MELON F2A7001,RM,Liquid,PT BINTANG KREASI AROMA
MELON J7W2003,RM,Liquid,THINK FLAVOUR
MELON N7S8013,RM,Liquid,PT SCENTIUM FLAVORS
MENTEGA M4B2042,RM,Liquid,PT MANE INDONESIA (VENDOR)
MENTEGA M4B2064,RM,Liquid,PT MANE INDONESIA (VENDOR)
MENTHOL C8J3005,RM,Liquid,PT KARYA AROMA SEJAHTERA (GIVAUDAN)
MENTHOL C8J3010,RM,Liquid,PT KARYA AROMA SEJAHTERA (GIVAUDAN)
MILO M4B2291,RM,Liquid,PT MANE INDONESIA (VENDOR)
MIXBERI B7P2013,RM,Liquid,PT QUINTESCENTS FLAVOUR AND FRAGRANCESS
MIX FRUIT M4B2339,RM,Liquid,PT MANE INDONESIA (VENDOR)
MOCI M4B2295,RM,Liquid,PT MANE INDONESIA (VENDOR)
NANAS D9C4207,RM,Liquid,PT DBFF BOTON INDONESIA
NANAS E1S6008,RM,Liquid,PT AROMAS CITRA JAYA
NANAS E1S6190,RM,Liquid,PT AROMAS CITRA JAYA
NANAS S8H9028,RM,Liquid,PT CHEMINDO EKATAMA
NANAS K8Q3004,RM,Liquid,REKA
NANGKA M4B2038,RM,Liquid,PT MANE INDONESIA (VENDOR)
OREO O9S7016,RM,Liquid,PT INTAN CHEMICAL (BERNBERG AROMA)
PANDAN A6H1032,RM,Liquid,PT SOLUNOVA ALAMI INDONESIA
PANDAN A6H1034,RM,Liquid,PT SOLUNOVA ALAMI INDONESIA
PANDAN E1S6045,RM,Liquid,PT AROMAS CITRA JAYA
PEPPERMINT A6H1130,RM,Liquid,PT SOLUNOVA ALAMI INDONESIA
PEPPERMINT C8J3012,RM,Liquid,PT KARYA AROMA SEJAHTERA (GIVAUDAN)
PERMEN E1S6022,RM,Liquid,PT AROMAS CITRA JAYA
PERMEN E1S6023,RM,Liquid,PT AROMAS CITRA JAYA
PERMEN F2A7005,RM,Liquid,PT BINTANG KREASI AROMA
PERMEN M4B2070,RM,Liquid,PT MANE INDONESIA (VENDOR)
PERMEN M4B2071,RM,Liquid,PT MANE INDONESIA (VENDOR)
PERMEN N7S8058,RM,Liquid,PT SCENTIUM FLAVORS
PERSIK A6H1126,RM,Liquid,PT SOLUNOVA ALAMI INDONESIA
PERSIK B7P2014,RM,Liquid,PT QUINTESCENTS FLAVOUR AND FRAGRANCESS
PERSIK E1S6017,RM,Liquid,PT AROMAS CITRA JAYA
PERSIK M4B2232,RM,Liquid,PT MANE INDONESIA (VENDOR)
PISANG A6H1002,RM,Liquid,PT SOLUNOVA ALAMI INDONESIA
PISANG A6H1147,RM,Liquid,PT SOLUNOVA ALAMI INDONESIA
PISANG B7P2001,RM,Liquid,PT QUINTESCENTS FLAVOUR AND FRAGRANCESS
PISANG C8J3013,RM,Liquid,PT KARYA AROMA SEJAHTERA (GIVAUDAN)
PISANG D9C4001,RM,Liquid,PT DBFF BOTON INDONESIA
PISANG E1S6162,RM,Liquid,PT AROMAS CITRA JAYA
PISANG E1S6181,RM,Liquid,PT AROMAS CITRA JAYA
PISANG E1S6196,RM,Liquid,PT AROMAS CITRA JAYA
PISANG J7W2010,RM,Liquid,THINK FLAVOUR
PISANG M4B2018,RM,Liquid,PT MANE INDONESIA (VENDOR)
PISANG M4B2041,RM,Liquid,PT MANE INDONESIA (VENDOR)
PISANG M4B2081,RM,Liquid,PT MANE INDONESIA (VENDOR)
PISANG N7S8080,RM,Liquid,PT SCENTIUM FLAVORS
PLUM B7P2027,RM,Liquid,PT QUINTESCENTS FLAVOUR AND FRAGRANCESS
PROPYLENE GLYCOL (PG),RM,Liquid,PT SUMBER INOVASI LESTARINDO
RASBERI B7P2015,RM,Liquid,PT QUINTESCENTS FLAVOUR AND FRAGRANCESS
RASBERI B7P2019,RM,Liquid,PT QUINTESCENTS FLAVOUR AND FRAGRANCESS
RASBERI C8J3014,RM,Liquid,PT KARYA AROMA SEJAHTERA (GIVAUDAN)
RASBERI E1S6010,RM,Liquid,PT AROMAS CITRA JAYA
RASBERI K8Q3005,RM,Liquid,REKA
RASBERI M4B2027,RM,Liquid,PT MANE INDONESIA (VENDOR)
RASBERI M4B2031,RM,Liquid,PT MANE INDONESIA (VENDOR)
RED VELVET D9C4118,RM,Liquid,PT DBFF BOTON INDONESIA
RED VELVET M4B2270,RM,Liquid,PT MANE INDONESIA (VENDOR)
ROTI M4B2159,RM,Liquid,PT MANE INDONESIA (VENDOR)
SALTNIC A6H1007,RM,Liquid,PT SOLUNOVA ALAMI INDONESIA
SARSAPARILA E1S6171,RM,Liquid,PT AROMAS CITRA JAYA
SARSAPARILA M4B2085,RM,Liquid,PT MANE INDONESIA (VENDOR)
SEMANGKA A6H1013,RM,Liquid,PT SOLUNOVA ALAMI INDONESIA
SEMANGKA B7P2018,RM,Liquid,PT QUINTESCENTS FLAVOUR AND FRAGRANCESS
SEMANGKA B7P2029,RM,Liquid,PT QUINTESCENTS FLAVOUR AND FRAGRANCESS
SEMANGKA E1S6121,RM,Liquid,PT AROMAS CITRA JAYA
SEMANGKA J7W2013,RM,Liquid,THINK FLAVOUR
SEMANGKA M4B2056,RM,Liquid,PT MANE INDONESIA (VENDOR)
SEMANGKA M4B2076,RM,Liquid,PT MANE INDONESIA (VENDOR)
SEMANGKA S8H9002,RM,Liquid,PT CHEMINDO EKATAMA
SEREAL M4B2224,RM,Liquid,PT MANE INDONESIA (VENDOR)
SIRSAK D9C4006,RM,Liquid,PT DBFF BOTON INDONESIA
SIRSAK E1S6006,RM,Liquid,PT AROMAS CITRA JAYA
SIRSAK E1S6018,RM,Liquid,PT AROMAS CITRA JAYA
SMOKE M4B2373,RM,Liquid,PT MANE INDONESIA (VENDOR)
SMOKE D9C4357,RM,Liquid,PT DBFF BOTON INDONESIA
SODA A6H1015,RM,Liquid,PT SOLUNOVA ALAMI INDONESIA
SODA GEMBIRA M4B2054,RM,Liquid,PT MANE INDONESIA (VENDOR)
SODA N7S8022,RM,Liquid,PT SCENTIUM FLAVORS
SOUR A6H1016,RM,Liquid,PT SOLUNOVA ALAMI INDONESIA
SOUR D9C4005,RM,Liquid,PT DBFF BOTON INDONESIA
SPEARMINT A6H1009,RM,Liquid,PT SOLUNOVA ALAMI INDONESIA
SPRITE M4B2186,RM,Liquid,PT MANE INDONESIA (VENDOR)
STROBERI D9C4009,RM,Liquid,PT DBFF BOTON INDONESIA
STROBERI D9C4089,RM,Liquid,PT DBFF BOTON INDONESIA
STROBERI D9C4157,RM,Liquid,PT DBFF BOTON INDONESIA
STROBERI E1S6014,RM,Liquid,PT AROMAS CITRA JAYA
STROBERI E1S6015,RM,Liquid,PT AROMAS CITRA JAYA
STROBERI E1S6024,RM,Liquid,PT AROMAS CITRA JAYA
STROBERI E1S6135,RM,Liquid,PT AROMAS CITRA JAYA
STROBERI F2A7003,RM,Liquid,PT BINTANG KREASI AROMA
STROBERI M4B2003,RM,Liquid,PT MANE INDONESIA (VENDOR)
STROBERI M4B2092,RM,Liquid,PT MANE INDONESIA (VENDOR)
STROBERI M4B2093,RM,Liquid,PT MANE INDONESIA (VENDOR)
STROBERI N7S8128,RM,Liquid,PT SCENTIUM FLAVORS
STROBERI N7S8019,RM,Liquid,PT SCENTIUM FLAVORS
SUSU A6H1030,RM,Liquid,PT SOLUNOVA ALAMI INDONESIA
SUSU E1S6116,RM,Liquid,PT AROMAS CITRA JAYA
SUSU K8Q3006,RM,Liquid,REKA
SUSU M4B2001,RM,Liquid,PT MANE INDONESIA (VENDOR)
SUSU M4B2094,RM,Liquid,PT MANE INDONESIA (VENDOR)
SUSU M4B2142,RM,Liquid,PT MANE INDONESIA (VENDOR)
SUSU M4B2157,RM,Liquid,PT MANE INDONESIA (VENDOR)
SUSU M4B2237,RM,Liquid,PT MANE INDONESIA (VENDOR)
SUSU M4B2329,RM,Liquid,PT MANE INDONESIA (VENDOR)
SUSU O9S7028,RM,Liquid,PT INTAN CHEMICAL (BERNBERG AROMA)
SWEET C8J3007,RM,Liquid,PT KARYA AROMA SEJAHTERA (GIVAUDAN)
SWEETNER A6H1010,RM,Liquid,PT SOLUNOVA ALAMI INDONESIA
TARO D9C4050,RM,Liquid,PT DBFF BOTON INDONESIA
TARO M4B2195,RM,Liquid,PT MANE INDONESIA (VENDOR)
TEH D9C4007,RM,Liquid,PT DBFF BOTON INDONESIA
TEH E1S6161,RM,Liquid,PT AROMAS CITRA JAYA
TEH M4B2002,RM,Liquid,PT MANE INDONESIA (VENDOR)
TEH M4B2004,RM,Liquid,PT MANE INDONESIA (VENDOR)
TEQUILA O9S7003,RM,Liquid,PT INTAN CHEMICAL (BERNBERG AROMA)
TIRAMISU B7P2024,RM,Liquid,PT QUINTESCENTS FLAVOUR AND FRAGRANCESS
TOBACCO A6H1237,RM,Liquid,PT SOLUNOVA ALAMI INDONESIA
TOBACCO C8J3051,RM,Liquid,PT KARYA AROMA SEJAHTERA (GIVAUDAN)
TOBACCO C8J3001,RM,Liquid,PT KARYA AROMA SEJAHTERA (GIVAUDAN)
TOBACCO C8J3008,RM,Liquid,PT KARYA AROMA SEJAHTERA (GIVAUDAN)
TOBACCO C8J3011,RM,Liquid,PT KARYA AROMA SEJAHTERA (GIVAUDAN)
TOBACCO C8J3015,RM,Liquid,PT KARYA AROMA SEJAHTERA (GIVAUDAN)
TOBACCO C8J3016,RM,Liquid,PT KARYA AROMA SEJAHTERA (GIVAUDAN)
TOBACCO M4B2404,RM,Liquid,PT MANE INDONESIA (VENDOR)
TOBACCO J7W2008,RM,Liquid,THINK FLAVOUR
TROPIKAL B7P2016,RM,Liquid,PT QUINTESCENTS FLAVOUR AND FRAGRANCESS
TROPIKAL C8J3017,RM,Liquid,PT KARYA AROMA SEJAHTERA (GIVAUDAN)
VANILA A6H1012,RM,Liquid,PT SOLUNOVA ALAMI INDONESIA
VANILA A6H1050,RM,Liquid,PT SOLUNOVA ALAMI INDONESIA
VANILA B7P2017,RM,Liquid,PT QUINTESCENTS FLAVOUR AND FRAGRANCESS
VANILA B7P2063,RM,Liquid,PT QUINTESCENTS FLAVOUR AND FRAGRANCESS
VANILA D9C4096,RM,Liquid,PT DBFF BOTON INDONESIA
VANILA D9C4108,RM,Liquid,PT DBFF BOTON INDONESIA
VANILA D9C4167,RM,Liquid,PT DBFF BOTON INDONESIA
VANILA E1S6020,RM,Liquid,PT AROMAS CITRA JAYA
VANILA E1S6138,RM,Liquid,PT AROMAS CITRA JAYA
VANILA J7W2045,RM,Liquid,THINK FLAVOUR
VEGETABLE GLYCERIN (VG),RM,Liquid,PT SUMBER INOVASI LESTARINDO
VODKA N7S8007,RM,Liquid,PT SCENTIUM FLAVORS
YOGHURT E1S6104,RM,Liquid,PT AROMAS CITRA JAYA
YOGHURT M4B2149,RM,Liquid,PT MANE INDONESIA (VENDOR)
YOGHURT N7S8006,RM,Liquid,PT SCENTIUM FLAVORS
VANILIN D9C4379,RM,Liquid,PT DBFF BOTON INDONESIA
MANGGA D9C4378,RM,Liquid,PT DBFF BOTON INDONESIA
SFT D9C4244,RM,Liquid,PT DBFF BOTON INDONESIA
NANGKA C8J3018,RM,Liquid,PT KARYA AROMA SEJAHTERA (GIVAUDAN)
CENGKEH C8J3034,RM,Liquid,PT KARYA AROMA SEJAHTERA (GIVAUDAN)
CENGKEH A6H1189,RM,Liquid,PT SOLUNOVA ALAMI INDONESIA
SWEETNER C8J3036,RM,Liquid,PT KARYA AROMA SEJAHTERA (GIVAUDAN)
GULA C8J3030,RM,Liquid,PT KARYA AROMA SEJAHTERA (GIVAUDAN)
INVERT SUGAR C8J3032,RM,Liquid,PT KARYA AROMA SEJAHTERA (GIVAUDAN)
SN D9C4382,RM,Liquid,PT DBFF BOTON INDONESIA
JERUK NIPIS T1J5022,RM,Liquid,PT SINERGI MULTI LESTARINDO
ACID D9C4381,RM,Liquid,PT DBFF BOTON INDONESIA
JERUK D9C4384,RM,Liquid,PT DBFF BOTON INDONESIA
JERUK D9C4383,RM,Liquid,PT DBFF BOTON INDONESIA
JERUK BALI D9C4385,RM,Liquid,PT DBFF BOTON INDONESIA
KELAPA D9C4380,RM,Liquid,PT DBFF BOTON INDONESIA
BUFFER D9C4433,RM,Liquid,PT DBFF BOTON INDONESIA
BUFFER D9C4435,RM,Liquid,PT DBFF BOTON INDONESIA
JERUK E1S6204,RM,Liquid,PT AROMAS CITRA JAYA
LINALOOL W5K2001,RM,Liquid,PT VISTA CHEM INDONESIA
NANAS S8H9017,RM,Liquid,PT CHEMINDO EKATAMA
SPARKLING M4B2468,RM,Liquid,PT MANE INDONESIA (VENDOR)
LEMON E1S6341,RM,Liquid,PT AROMAS CITRA JAYA
SOUR M4B2467,RM,Liquid,PT MANE INDONESIA (VENDOR)
SPARKLING N7S8142,RM,Liquid,PT SCENTIUM FLAVORS
SEMANGKA M4B2367,RM,Liquid,PT MANE INDONESIA (VENDOR)
SN D9C4375,RM,Liquid,PT DBFF BOTON INDONESIA
ACETOIN W5K2003,RM,Liquid,PT VISTA CHEM INDONESIA
DIACETYL W5K2002,RM,Liquid,PT VISTA CHEM INDONESIA
COOLING POWDER O9S7089,RM,Liquid,PT INTAN CHEMICAL (BERNBERG AROMA)
LECI D9C4434,RM,Liquid,PT DBFF BOTON INDONESIA
BUFFER D9C4436,RM,Liquid,PT DBFF BOTON INDONESIA
LEMON M4B2518,RM,Liquid,PT MANE INDONESIA (VENDOR)
KOPI A6H1260,RM,Liquid,PT SOLUNOVA ALAMI INDONESIA
KOPI D9C4283,RM,Liquid,PT DBFF BOTON INDONESIA
KRIM A6H1215,RM,Liquid,PT SOLUNOVA ALAMI INDONESIA
KARAMEL M4B2573,RM,Liquid,PT MANE INDONESIA (VENDOR)
GULA MERAH E1S6111,RM,Liquid,PT AROMAS CITRA JAYA
PERSIK M4B2574,RM,Liquid,PT MANE INDONESIA (VENDOR)
APEL M4B2488,RM,Liquid,PT MANE INDONESIA (VENDOR)
PLUM D9C4437,RM,Liquid,PT DBFF BOTON INDONESIA
BAIL D9C4022,RM,Liquid,PT DBFF BOTON INDONESIA
MANGGA M4B2522,RM,Liquid,PT MANE INDONESIA (VENDOR)
MANGGA D9C4398,RM,Liquid,PT DBFF BOTON INDONESIA
VG Y3H6001,RM,Liquid,PT AJIDHARMA CORPORINDO
BELIMBING A6H1021,RM,Liquid,PT SOLUNOVA ALAMI INDONESIA
JERUK NIPIS M4B2119,RM,Liquid,PT MANE INDONESIA (VENDOR)
CERI A6H1257,RM,Liquid,PT SOLUNOVA ALAMI INDONESIA
BLURASBERI E1S6397,RM,Liquid,PT AROMAS CITRA JAYA
STROBERI M4B2501,RM,Liquid,PT MANE INDONESIA (VENDOR)
BLACKCURRANT B7P2031,RM,Liquid,PT QUINTESCENTS FLAVOUR AND FRAGRANCESS
ANGGUR M4B2553,RM,Liquid,PT MANE INDONESIA (VENDOR)
JERUK NIPIS M4B2185,RM,Liquid,PT MANE INDONESIA (VENDOR)
MARKISA D9C4372,RM,Liquid,PT DBFF BOTON INDONESIA
MARKISA D9C4439,RM,Liquid,PT DBFF BOTON INDONESIA
MINT A6H1235,RM,Liquid,PT SOLUNOVA ALAMI INDONESIA
BLACKURANT D9C4430,RM,Liquid,PT DBFF BOTON INDONESIA
VANILA N7S8108,RM,Liquid,PT SCENTIUM FLAVORS
VANILA M4B2575,RM,Liquid,PT MANE INDONESIA (VENDOR)
TIRAMISU N7S8160,RM,Liquid,PT SCENTIUM FLAVORS
YOGHURT D9C4442,RM,Liquid,PT DBFF BOTON INDONESIA
BUFFER D9C4443,RM,Liquid,PT DBFF BOTON INDONESIA
PERMEN D9C4444,RM,Liquid,PT DBFF BOTON INDONESIA
SIRSAK N7S8161,RM,Liquid,PT SCENTIUM FLAVORS
JAMBU M4B2298,RM,Liquid,PT MANE INDONESIA (VENDOR)
KIWI M4B2030,RM,Liquid,PT MANE INDONESIA (VENDOR)
KIWI M4B2022,RM,Liquid,PT MANE INDONESIA (VENDOR)
JAMBU D9C4445,RM,Liquid,PT DBFF BOTON INDONESIA
NANAS A6H1196,RM,Liquid,PT SOLUNOVA ALAMI INDONESIA
ANGGUR D9C4125,RM,Liquid,PT DBFF BOTON INDONESIA
MANGGA N7S8158,RM,Liquid,PT SCENTIUM FLAVORS
MARKISA D9C4289,RM,Liquid,PT DBFF BOTON INDONESIA
NANAS A6H1196,RM,Liquid,PT SOLUNOVA ALAMI INDONESIA
NANAS E1S6206,RM,Liquid,PT AROMAS CITRA JAYA
MARKISA D9C4446,RM,Liquid,PT DBFF BOTON INDONESIA
SALTNIC Z8J1001,RM,Liquid,CV WANGSA AGUNA
PERMEN N7S8162,RM,Liquid,PT SCENTIUM FLAVORS
SWEET POWDER W5K2005,RM,Liquid,PT VISTA CHEM INDONESIA
CHILLER POWDER R8L3002,RM,Liquid,PT ASENSE SEA NIAGA
SWEETNER A6H1268,RM,Liquid,PT SOLUNOVA ALAMI INDONESIA
NICBOOSTER R8L3001,RM,Liquid,PT ASENSE SEA NIAGA
FROSTYL Z8J2002,RM,Liquid,CV WANGSA AGUNA
SYNSWEET K8Q4007,RM,Liquid,CV WANGSA AGUNA
SALTNIC K8Q5008,RM,Liquid,CV WANGSA AGUNA
CYRO MENTHOL K8Q6009,RM,Liquid,CV WANGSA AGUNA
PERMEN M4B2613,RM,Liquid,PT MANE INDONESIA (VENDOR)
MELON N7S8164,RM,Liquid,PT SCENTIUM FLAVORS
ANGGUR M4B2614,RM,Liquid,PT MANE INDONESIA (VENDOR)
MELON A6H1273,RM,Liquid,PT SOLUNOVA ALAMI INDONESIA
MELON S8H9044,RM,Liquid,PT CHEMINDO EKATAMA
SEMANGKA A6H1274,RM,Liquid,PT SOLUNOVA ALAMI INDONESIA
SEMANGKA D9C4455,RM,Liquid,PT DBFF BOTON INDONESIA
SALTNIC K8Q5008,RM,LIQUID,CV WANGSA AGUNA
KEDONDONG M4B2045,RM,LIQUID,PT MANE INDONESIA (VENDOR)
KEDONDONG M4B2357,RM,LIQUID,PT MANE INDONESIA (VENDOR)
MANGGA I6Y1001,RM,LIQUID,PT FALMONT AROMA INTERNATIONAL
ANGGUR D9C4507,RM,LIQUID,PT DBFF BOTON INDONESIA
ANGGUR M4B2879,RM,LIQUID,PT MANE INDONESIA (VENDOR)
ANGGUR E1S6403,RM,LIQUID,PT AROMAS CITRA JAYA
ANGGUR I6Y1022,RM,LIQUID,PT FALMONT AROMA INTERNATIONAL
SEMANGKA Q92001,RM,LIQUID,PT HERTZ FLAVORS MAKMUR INDONESIA
STROBERI A6H1275,RM,LIQUID,PT SOLUNOVA ALAMI INDONESIA
STROBERI T1J18046,RM,LIQUID,PT SINERGI MULTI LESTARINDO
STROBERI E1S6402,RM,LIQUID,PT AROMAS CITRA JAYA
VANILIN D9C4379,RM,LIQUID,PT DBFF BOTON INDONESIA
SALTNIC Z8J1004,RM,LIQUID,CV WANGSA AGUNA
CHILLER POWDER W5K2006,RM,LIQUID,PT VISTA CHEM INDONESIA
TRIACETIN W5K2007,RM,LIQUID,PT VISTA CHEM INDONESIA
SIRSAK A6H1269,RM,LIQUID,PT SOLUNOVA ALAMI INDONESIA
SIRSAK D9C4452,RM,LIQUID,PT DBFF BOTON INDONESIA
SEMANGKA Q9S2001,RM,LIQUID,PT HERTZ FLAVORS MAKMUR INDONESIA
VG Z8J1005,RM,LIQUID,CV WANGSA AGUNA
VANILIN W5K2008,RM,LIQUID,PT VISTA CHEM INDONESIA
SUSU N7S8207,RM,LIQUID,PT SCENTIUM FLAVORS
KOPI N7S8237,RM,LIQUID,PT SCENTIUM FLAVORS
MANGGA N7S8158,RM,LIQUID,PT SCENTIUM FLAVORS
MANGGA D9C4432,RM,LIQUID,PT DBFF BOTON INDONESIA
KETAN PUTIH M4B2281,RM,LIQUID,PT MANE INDONESIA (VENDOR)
MANGGA KETAN M4B2572,RM,LIQUID,PT MANE INDONESIA (VENDOR)
KRIM M4B2409,RM,LIQUID,PT MANE INDONESIA (VENDOR)
KOPI HITAM M4B2704,RM,LIQUID,PT MANE INDONESIA (VENDOR)
TEH HITAM M4B2319,RM,LIQUID,PT MANE INDONESIA (VENDOR)
SALTNIC Z8J1006,RM,LIQUID,CV WANGSA AGUNA
MIX BERI O9S7146,RM,LIQUID,PT INTAN CHEMICAL (BERNBERG AROMA)
STROBERI M4B2685,RM,LIQUID,PT MANE INDONESIA (VENDOR)
SUSU M4B2144,RM,LIQUID,PT MANE INDONESIA (VENDOR)
MIX BERI M4B2942,RM,LIQUID,PT MANE INDONESIA (VENDOR)
MELON M4B2782,RM,LIQUID,PT MANE INDONESIA (VENDOR)
STROBERI A6H1249,RM,LIQUID,PT SOLUNOVA ALAMI INDONESIA
MIX BERI A6H1421,RM,LIQUID,PT SOLUNOVA ALAMI INDONESIA
ANGGUR E1S6425,RM,LIQUID,PT AROMAS CITRA JAYA
ANGGUR D9C4549,RM,LIQUID,PT DBFF BOTON INDONESIA
CRANBERI P1A9048,RM,LIQUID,PT XUMEI FOOD TECH INDONESIA
YOGHURT M4B2604,RM,Liquid,PT MANE INDONESIA (VENDOR)
YOGHURT A6H1443,RM,Liquid,PT SOLUNOVA ALAMI INDONESIA
LECI D9C4635,RM,Liquid,PT DBFF BOTON INDONESIA
LECI D9C4422,RM,Liquid,PT DBFF BOTON INDONESIA
PG I7C8001,RM,Liquid,PT ENVIRO PRIMA
PG W5K2014,RM,Liquid,PT VISTA CHEM INDONESIA
PG S9I6001,RM,Liquid,PT SAMIRACHEM INDONESIA
YOGHURT D9C4674,RM,Liquid,PT DBFF BOTON INDONESIA
YOGHURT D9C4675,RM,Liquid,PT DBFF BOTON INDONESIA
YOGHURT D9C4676,RM,Liquid,PT DBFF BOTON INDONESIA
PG S3M5001,RM,Liquid,PT SENTRA MITRA ADIDAYA
PG L2I3001,RM,Liquid,PT LAVARIAN AROMINDO PRATAMA
PG S7D7001,RM,Liquid,PT SANDANA
PG I8K8001,RM,Liquid,PT INIKO KARYA PERSADA
MANGGA D9C4677,RM,Liquid,PT DBFF BOTON INDONESIA
VANILA D9C4678,RM,Liquid,PT DBFF BOTON INDONESIA
STROBERI H4F9077,RM,Liquid,PT KREASI MULTI REZEKI (SRM FLAVOR)
CHILLER Z8J1007,RM,Liquid,CV WANGSA AGUNA
SN D9C4672,RM,Liquid,PT DBFF BOTON INDONESIA
PG V4F3003,RM,Liquid,PT SUMBER INOVASI LESTARINDO
RASBERI E1S6524,RM,Liquid,PT AROMAS CITRA JAYA
VANILIN I3A1001,RM,Liquid,PT HUTAMA SINERGI KARYA
SEMANGKA H4F9107,RM,Liquid,PT KREASI MULTI REZEKI (SRM FLAVOR)
SEMANGKA D9C4617,RM,Liquid,PT DBFF BOTON INDONESIA
SAKURA M4B2964,RM,Liquid,PT MANE INDONESIA (VENDOR)
SAKURA N7S8262,RM,Liquid,PT SCENTIUM FLAVORS
LECI H4F9202,RM,Liquid,PT KREASI MULTI REZEKI (SRM FLAVOR)
MAWAR M4B2842,RM,Liquid,PT MANE INDONESIA (VENDOR)
OSMANTHUS N7S8259,RM,Liquid,PT SCENTIUM FLAVORS
TEH HIJAU A6H1423,RM,Liquid,PT SOLUNOVA ALAMI INDONESIA
TEH M4B2978,RM,Liquid,PT MANE INDONESIA (VENDOR)
TEH FLORAL M4B2980,RM,Liquid,PT MANE INDONESIA (VENDOR)
KOPI Q9S2074,RM,Liquid,PT HERTZ FLAVORS MAKMUR INDONESIA
HAZELNUT I6Y1028,RM,Liquid,PT FALMONT AROMA INTERNATIONAL
KOPI MOKA M4B21002,RM,Liquid,PT MANE INDONESIA (VENDOR)
KOPI M4B2062,RM,Liquid,PT MANE INDONESIA (VENDOR)
HAZELNUT E1S6513,RM,Liquid,PT AROMAS CITRA JAYA
KACANG E1S6502,RM,Liquid,PT AROMAS CITRA JAYA
BISKUIT REGAL D9C4570,RM,Liquid,PT DBFF BOTON INDONESIA
BISKUIT MARIE M4B2708,RM,Liquid,PT MANE INDONESIA (VENDOR)
KUE Q9S2050,RM,Liquid,PT HERTZ FLAVORS MAKMUR INDONESIA
JERUK E1S6488,RM,Liquid,PT AROMAS CITRA JAYA
GERANIUM O9S7151,RM,Liquid,PT INTAN CHEMICAL (BERNBERG AROMA)
OSMANTHUS M4B2965,RM,Liquid,PT MANE INDONESIA (VENDOR)
JAMBU M4B2118,RM,Liquid,PT MANE INDONESIA (VENDOR)
JAMBU M4B2917,RM,Liquid,PT MANE INDONESIA (VENDOR)
