Nama Supplier,Jenis Jerigen,Standar Bruto (gr),Standar Tare (gr)
SOLUNOVA,25 kg (SWEETNER & COOLING),26580,1530
SOLUNOVA,25 kg (FLAVOUR),26580,1530
SOLUNOVA,5 kg,5330,310
PT DBFF BOTON,25 kg (PUTIH),26300,1240
PT DBFF BOTON,25 kg (BIRU),26300,1240
PT DBFF BOTON,5 kg (RM) (Lama),5250,220
PT DBFF BOTON,5 kg (RM) (Baru),5350,310
PT DBFF BOTON,5 kg (SALTNIC),5520,500
PT. AROMAS CITRA JAYA,25 kg (UNGU),26420,1270
PT. AROMAS CITRA JAYA,25 kg (BIRU),26430,1430
PT. AROMAS CITRA JAYA,10 kg,10560,520
PT. AROMAS CITRA JAYA,5 kg,5340,320
PT. QUINTESCENTS,5 kg,5410,350
PT. QUINTESCENTS,10 kg,10540,520
BINTANG KREASI AROMAS,25 kg,26750,1650
BINTANG KREASI AROMAS,5 kg,5260,220
THINK FLAVOR,5 kg,5210,190
THINK FLAVOR,25 kg,26570,1320
KARYA AROMA,25 kg (MENTHOL C),26680,1640
KARYA AROMA,5 kg,5220,210
KARYA AROMA,2 kg,2110,110
KARYA AROMA,1 kg,1110,110
PT MANE INDONESIA,25 kg (NON DG),26520,1500
PT MANE INDONESIA,25 kg (DG),26620,1600
PT MANE INDONESIA,10 kg,10420,410
PT MANE INDONESIA,5 kg,5460,440
PT. SCENTIUM,25 kg (Jerrycan Putih),26600,1540
PT. SCENTIUM,25 kg (Jerrycan Biru),26600,1540
PT. SCENTIUM,5 kg,5240,220
PT. BERNBERG AROMA,25 kg,26700,1700
PT. BERNBERG AROMA,5 kg,5350,350
PT. CHEMINDO EKATAMA,25 kg,26500,1500
PT. CHEMINDO EKATAMA,10 kg,10780,780
PT. CHEMINDO EKATAMA,5 kg,5210,210
CV. WANGSA AGUNA,5 kg,5340,320
CV. WANGSA AGUNA,25 kg,26290,1250
PT. SYNERGI MULTI LESTARINDO,25 kg,26700,1700
PT. FALMONT AROMA INTERNATIONAL,10 kg,0,0
PT. FALMONT AROMA INTERNATIONAL,25 kg,26230,1230
PT HERTZ,25 kg,26640,1640
PT XUMEI,25 kg,26500,1250
PT KREASI MULTI REZEKI (SRM FLAVOR),25 kg,26540,1540
VG SIL,250 kg,259500,9500
PG SIL,215 kg,231100,16100
